route_id,service_id,trip_id,trip_headsign,trip_short_name,shape_id,wheelchair_accessible,bikes_allowed
10083,4814-000-0083-1,1-4814-000-0083,IGLESIAS,4814,1-4814-000-0083,1,1
10083,4813-001-0083-1,1-4813-001-0083,VILLAMASSARGIA DOMUSNOVAS,4813,1-4813-001-0083,1,1
10083,4812-002-0083-1,1-4812-002-0083,IGLESIAS,4812,1-4812-002-0083,1,1
10083,4811-003-0083-1,1-4811-003-0083,VILLAMASSARGIA DOMUSNOVAS,4811,1-4811-003-0083,1,1
10083,4810-004-0083-1,1-4810-004-0083,IGLESIAS,4810,1-4810-004-0083,1,1
10083,4809-005-0083-1,1-4809-005-0083,VILLAMASSARGIA DOMUSNOVAS,4809,1-4809-005-0083,1,1
10083,4808-006-0083-1,1-4808-006-0083,IGLESIAS,4808,1-4808-006-0083,1,1
10083,4807-007-0083-1,1-4807-007-0083,VILLAMASSARGIA DOMUSNOVAS,4807,1-4807-007-0083,1,1
10083,4806-008-0083-1,1-4806-008-0083,IGLESIAS,4806,1-4806-008-0083,1,1
10083,4805-009-0083-1,1-4805-009-0083,VILLAMASSARGIA DOMUSNOVAS,4805,1-4805-009-0083,1,1
10083,4804-00A-0083-1,1-4804-00A-0083,IGLESIAS,4804,1-4804-00A-0083,1,1
10083,4803-00B-0083-1,1-4803-00B-0083,VILLAMASSARGIA DOMUSNOVAS,4803,1-4803-00B-0083,1,1
10083,4802-00C-0083-1,1-4802-00C-0083,IGLESIAS,4802,1-4802-00C-0083,1,1
10083,4801-00D-0083-1,1-4801-00D-0083,VILLAMASSARGIA DOMUSNOVAS,4801,1-4801-00D-0083,1,1
10083,4800-00E-0083-1,1-4800-00E-0083,IGLESIAS,4800,1-4800-00E-0083,1,1
10083,4791-00F-0083-1,1-4791-00F-0083,MACOMER,4791,1-4791-00F-0083,1,1
10083,4791-010-0083-1,1-4791-010-0083,MACOMER,4791,1-4791-010-0083,1,1
10083,4791-011-0083-1,1-4791-011-0083,MACOMER,4791,1-4791-011-0083,1,1
10083,4790-012-0083-1,1-4790-012-0083,OLBIA,4790,1-4790-012-0083,1,1
10083,4790-013-0083-1,1-4790-013-0083,Olbia Terranova,4790,1-4790-013-0083,1,1
10083,4790-014-0083-1,1-4790-014-0083,Olbia Terranova,4790,1-4790-014-0083,1,1
10083,4785-015-0083-1,1-4785-015-0083,VILLAMASSARGIA DOMUSNOVAS,4785,1-4785-015-0083,1,1
10083,4785-016-0083-1,1-4785-016-0083,VILLAMASSARGIA DOMUSNOVAS,4785,1-4785-016-0083,1,1
10083,4784-017-0083-1,1-4784-017-0083,Carbonia Serbariu,4784,1-4784-017-0083,1,1
10083,4784-018-0083-1,1-4784-018-0083,Carbonia Serbariu,4784,1-4784-018-0083,1,1
10083,4783-019-0083-1,1-4783-019-0083,VILLAMASSARGIA DOMUSNOVAS,4783,1-4783-019-0083,1,1
10083,4783-01A-0083-1,1-4783-01A-0083,VILLAMASSARGIA DOMUSNOVAS,4783,1-4783-01A-0083,1,1
10083,22055-01B-0083-1,1-22055-01B-0083,CAGLIARI,22055,1-22055-01B-0083,1,1
10083,22054-01C-0083-1,1-22054-01C-0083,S.GAVINO,22054,1-22054-01C-0083,1,1
10083,22053-01D-0083-1,1-22053-01D-0083,CAGLIARI,22053,1-22053-01D-0083,1,1
10083,22052-01E-0083-1,1-22052-01E-0083,S.GAVINO,22052,1-22052-01E-0083,1,1
10083,22051-01F-0083-1,1-22051-01F-0083,CAGLIARI,22051,1-22051-01F-0083,1,1
10083,22050-020-0083-1,1-22050-020-0083,S.GAVINO,22050,1-22050-020-0083,1,1
10083,21246-021-0083-1,1-21246-021-0083,ORISTANO,21246,1-21246-021-0083,1,1
10083,21245-022-0083-1,1-21245-022-0083,CAGLIARI,21245,1-21245-022-0083,1,1
10083,21244-023-0083-1,1-21244-023-0083,ORISTANO,21244,1-21244-023-0083,1,1
10083,21243-024-0083-1,1-21243-024-0083,CAGLIARI,21243,1-21243-024-0083,1,1
10083,21242-025-0083-1,1-21242-025-0083,ORISTANO,21242,1-21242-025-0083,1,1
10083,21241-026-0083-1,1-21241-026-0083,CAGLIARI,21241,1-21241-026-0083,1,1
10083,21240-027-0083-1,1-21240-027-0083,ORISTANO,21240,1-21240-027-0083,1,1
10083,21240-028-0083-1,1-21240-028-0083,ORISTANO,21240,1-21240-028-0083,1,1
10083,21240-029-0083-1,1-21240-029-0083,ORISTANO,21240,1-21240-029-0083,1,1
10083,21239-02A-0083-1,1-21239-02A-0083,CAGLIARI,21239,1-21239-02A-0083,1,1
10083,21238-02B-0083-1,1-21238-02B-0083,ORISTANO,21238,1-21238-02B-0083,1,1
10083,21238-02C-0083-1,1-21238-02C-0083,ORISTANO,21238,1-21238-02C-0083,1,1
10083,21238-02D-0083-1,1-21238-02D-0083,ORISTANO,21238,1-21238-02D-0083,1,1
10083,21237-02E-0083-1,1-21237-02E-0083,CAGLIARI,21237,1-21237-02E-0083,1,1
10083,21236-02F-0083-1,1-21236-02F-0083,ORISTANO,21236,1-21236-02F-0083,1,1
10083,21236-030-0083-1,1-21236-030-0083,ORISTANO,21236,1-21236-030-0083,1,1
10083,21236-031-0083-1,1-21236-031-0083,ORISTANO,21236,1-21236-031-0083,1,1
10083,21235-032-0083-1,1-21235-032-0083,CAGLIARI,21235,1-21235-032-0083,1,1
10083,21234-033-0083-1,1-21234-033-0083,ORISTANO,21234,1-21234-033-0083,1,1
10083,21233-034-0083-1,1-21233-034-0083,CAGLIARI,21233,1-21233-034-0083,1,1
10083,21233-035-0083-1,1-21233-035-0083,CAGLIARI,21233,1-21233-035-0083,1,1
10083,21233-036-0083-1,1-21233-036-0083,CAGLIARI,21233,1-21233-036-0083,1,1
10083,21232-037-0083-1,1-21232-037-0083,ORISTANO,21232,1-21232-037-0083,1,1
10083,21231-038-0083-1,1-21231-038-0083,CAGLIARI,21231,1-21231-038-0083,1,1
10083,21230-039-0083-1,1-21230-039-0083,ORISTANO,21230,1-21230-039-0083,1,1
10083,21229-03A-0083-1,1-21229-03A-0083,CAGLIARI,21229,1-21229-03A-0083,1,1
10083,21228-03B-0083-1,1-21228-03B-0083,ORISTANO,21228,1-21228-03B-0083,1,1
10083,21227-03C-0083-1,1-21227-03C-0083,CAGLIARI,21227,1-21227-03C-0083,1,1
10083,21226-03D-0083-1,1-21226-03D-0083,ORISTANO,21226,1-21226-03D-0083,1,1
10083,21225-03E-0083-1,1-21225-03E-0083,CAGLIARI,21225,1-21225-03E-0083,1,1
10083,21224-03F-0083-1,1-21224-03F-0083,ORISTANO,21224,1-21224-03F-0083,1,1
10083,21223-040-0083-1,1-21223-040-0083,CAGLIARI,21223,1-21223-040-0083,1,1
10083,21222-041-0083-1,1-21222-041-0083,ORISTANO,21222,1-21222-041-0083,1,1
10083,21222-042-0083-1,1-21222-042-0083,ORISTANO,21222,1-21222-042-0083,1,1
10083,21221-043-0083-1,1-21221-043-0083,CAGLIARI,21221,1-21221-043-0083,1,1
10083,21220-044-0083-1,1-21220-044-0083,ORISTANO,21220,1-21220-044-0083,1,1
10083,20887-045-0083-1,1-20887-045-0083,SASSARI,20887,1-20887-045-0083,1,1
10083,20885-046-0083-1,1-20885-046-0083,SASSARI,20885,1-20885-046-0083,1,1
10083,20884-047-0083-1,1-20884-047-0083,PORTO TORRES MARITTIMA,20884,1-20884-047-0083,1,1
10083,20883-048-0083-1,1-20883-048-0083,SASSARI,20883,1-20883-048-0083,1,1
10083,20882-049-0083-1,1-20882-049-0083,PORTO TORRES MARITTIMA,20882,1-20882-049-0083,1,1
10083,20881-04A-0083-1,1-20881-04A-0083,SASSARI,20881,1-20881-04A-0083,1,1
10083,20880-04B-0083-1,1-20880-04B-0083,PORTO TORRES MARITTIMA,20880,1-20880-04B-0083,1,1
10083,20880-04C-0083-1,1-20880-04C-0083,PORTO TORRES MARITTIMA,20880,1-20880-04C-0083,1,1
10083,20879-04D-0083-1,1-20879-04D-0083,SASSARI,20879,1-20879-04D-0083,1,1
10083,20879-04E-0083-1,1-20879-04E-0083,SASSARI,20879,1-20879-04E-0083,1,1
10083,20878-04F-0083-1,1-20878-04F-0083,PORTO TORRES MARITTIMA,20878,1-20878-04F-0083,1,1
10083,20877-050-0083-1,1-20877-050-0083,SASSARI,20877,1-20877-050-0083,1,1
10083,20840-051-0083-1,1-20840-051-0083,OLBIA,20840,1-20840-051-0083,1,1
10083,20840-052-0083-1,1-20840-052-0083,Olbia Terranova,20840,1-20840-052-0083,1,1
10083,20839-053-0083-1,1-20839-053-0083,OZIERI CHILIVANI,20839,1-20839-053-0083,1,1
10083,20839-054-0083-1,1-20839-054-0083,OZIERI CHILIVANI,20839,1-20839-054-0083,1,1
10083,20838-055-0083-1,1-20838-055-0083,Olbia Terranova,20838,1-20838-055-0083,1,1
10083,20838-056-0083-1,1-20838-056-0083,OLBIA,20838,1-20838-056-0083,1,1
10083,20836-057-0083-1,1-20836-057-0083,Olbia Terranova,20836,1-20836-057-0083,1,1
10083,20836-058-0083-1,1-20836-058-0083,OLBIA,20836,1-20836-058-0083,1,1
10083,20835-05A-0083-1,1-20835-05A-0083,OZIERI CHILIVANI,20835,1-20835-05A-0083,1,1
10083,20835-05B-0083-1,1-20835-05B-0083,OZIERI CHILIVANI,20835,1-20835-05B-0083,1,1
10083,20831-05C-0083-1,1-20831-05C-0083,CAGLIARI,20831,1-20831-05C-0083,1,1
10083,20830-05D-0083-1,1-20830-05D-0083,DECIMOMANNU,20830,1-20830-05D-0083,1,1
10083,20829-05E-0083-1,1-20829-05E-0083,CAGLIARI,20829,1-20829-05E-0083,1,1
10083,20828-05F-0083-1,1-20828-05F-0083,DECIMOMANNU,20828,1-20828-05F-0083,1,1
10083,20827-060-0083-1,1-20827-060-0083,CAGLIARI,20827,1-20827-060-0083,1,1
10083,20826-061-0083-1,1-20826-061-0083,DECIMOMANNU,20826,1-20826-061-0083,1,1
10083,20825-062-0083-1,1-20825-062-0083,CAGLIARI,20825,1-20825-062-0083,1,1
10083,20824-063-0083-1,1-20824-063-0083,DECIMOMANNU,20824,1-20824-063-0083,1,1
10083,20823-064-0083-1,1-20823-064-0083,CAGLIARI,20823,1-20823-064-0083,1,1
10083,20822-065-0083-1,1-20822-065-0083,DECIMOMANNU,20822,1-20822-065-0083,1,1
10083,20821-066-0083-1,1-20821-066-0083,CAGLIARI,20821,1-20821-066-0083,1,1
10083,20820-067-0083-1,1-20820-067-0083,DECIMOMANNU,20820,1-20820-067-0083,1,1
10083,20819-068-0083-1,1-20819-068-0083,CAGLIARI,20819,1-20819-068-0083,1,1
10083,20818-069-0083-1,1-20818-069-0083,DECIMOMANNU,20818,1-20818-069-0083,1,1
10083,20817-06A-0083-1,1-20817-06A-0083,CAGLIARI,20817,1-20817-06A-0083,1,1
10083,20816-06B-0083-1,1-20816-06B-0083,DECIMOMANNU,20816,1-20816-06B-0083,1,1
10083,20815-06C-0083-1,1-20815-06C-0083,CAGLIARI,20815,1-20815-06C-0083,1,1
10083,20814-06D-0083-1,1-20814-06D-0083,DECIMOMANNU,20814,1-20814-06D-0083,1,1
10083,20813-06E-0083-1,1-20813-06E-0083,CAGLIARI,20813,1-20813-06E-0083,1,1
10083,20812-06F-0083-1,1-20812-06F-0083,DECIMOMANNU,20812,1-20812-06F-0083,1,1
10083,20811-070-0083-1,1-20811-070-0083,CAGLIARI,20811,1-20811-070-0083,1,1
10083,20811-071-0083-1,1-20811-071-0083,CAGLIARI,20811,1-20811-071-0083,1,1
10083,20810-072-0083-1,1-20810-072-0083,DECIMOMANNU,20810,1-20810-072-0083,1,1
10083,20809-073-0083-1,1-20809-073-0083,CAGLIARI,20809,1-20809-073-0083,1,1
10083,20808-074-0083-1,1-20808-074-0083,DECIMOMANNU,20808,1-20808-074-0083,1,1
10083,20807-075-0083-1,1-20807-075-0083,CAGLIARI,20807,1-20807-075-0083,1,1
10083,20806-076-0083-1,1-20806-076-0083,DECIMOMANNU,20806,1-20806-076-0083,1,1
10083,20805-077-0083-1,1-20805-077-0083,CAGLIARI,20805,1-20805-077-0083,1,1
10083,20804-078-0083-1,1-20804-078-0083,DECIMOMANNU,20804,1-20804-078-0083,1,1
10083,20803-079-0083-1,1-20803-079-0083,CAGLIARI,20803,1-20803-079-0083,1,1
10083,20802-07A-0083-1,1-20802-07A-0083,DECIMOMANNU,20802,1-20802-07A-0083,1,1
10083,20801-07B-0083-1,1-20801-07B-0083,CAGLIARI,20801,1-20801-07B-0083,1,1
10083,20800-07C-0083-1,1-20800-07C-0083,DECIMOMANNU,20800,1-20800-07C-0083,1,1
10083,5167-07D-0083-1,1-5167-07D-0083,OZIERI CHILIVANI,5167,1-5167-07D-0083,1,1
10083,5166-07E-0083-1,1-5166-07E-0083,SASSARI,5166,1-5166-07E-0083,1,1
10083,5165-07F-0083-1,1-5165-07F-0083,OZIERI CHILIVANI,5165,1-5165-07F-0083,1,1
10083,5164-080-0083-1,1-5164-080-0083,SASSARI,5164,1-5164-080-0083,1,1
10083,5164-081-0083-1,1-5164-081-0083,SASSARI,5164,1-5164-081-0083,1,1
10083,5163-082-0083-1,1-5163-082-0083,OZIERI CHILIVANI,5163,1-5163-082-0083,1,1
10083,5162-083-0083-1,1-5162-083-0083,SASSARI,5162,1-5162-083-0083,1,1
10083,5161-084-0083-1,1-5161-084-0083,CAGLIARI,5161,1-5161-084-0083,1,1
10083,5161-085-0083-1,1-5161-085-0083,CAGLIARI,5161,1-5161-085-0083,1,1
10083,5161-086-0083-1,1-5161-086-0083,CAGLIARI,5161,1-5161-086-0083,1,1
10083,5160-087-0083-1,1-5160-087-0083,SASSARI,5160,1-5160-087-0083,1,1
10083,5159-088-0083-1,1-5159-088-0083,CAGLIARI,5159,1-5159-088-0083,1,1
10083,5159-089-0083-1,1-5159-089-0083,CAGLIARI,5159,1-5159-089-0083,1,1
10083,5159-08A-0083-1,1-5159-08A-0083,CAGLIARI,5159,1-5159-08A-0083,1,1
10083,5158-08B-0083-1,1-5158-08B-0083,Carbonia Serbariu,5158,1-5158-08B-0083,1,1
10083,5158-08C-0083-1,1-5158-08C-0083,DECIMOMANNU,5158,1-5158-08C-0083,1,1
10083,5158-08D-0083-1,1-5158-08D-0083,Carbonia Serbariu,5158,1-5158-08D-0083,1,1
10083,5157-08E-0083-1,1-5157-08E-0083,CAGLIARI,5157,1-5157-08E-0083,1,1
10083,5157-08F-0083-1,1-5157-08F-0083,CAGLIARI,5157,1-5157-08F-0083,1,1
10083,5157-090-0083-1,1-5157-090-0083,CAGLIARI,5157,1-5157-090-0083,1,1
10083,5156-091-0083-1,1-5156-091-0083,Carbonia Serbariu,5156,1-5156-091-0083,1,1
10083,5156-092-0083-1,1-5156-092-0083,Carbonia Serbariu,5156,1-5156-092-0083,1,1
10083,5156-093-0083-1,1-5156-093-0083,DECIMOMANNU,5156,1-5156-093-0083,1,1
10083,5155-094-0083-1,1-5155-094-0083,CAGLIARI,5155,1-5155-094-0083,1,1
10083,5155-095-0083-1,1-5155-095-0083,CAGLIARI,5155,1-5155-095-0083,1,1
10083,5154-096-0083-1,1-5154-096-0083,Carbonia Serbariu,5154,1-5154-096-0083,1,1
10083,5154-097-0083-1,1-5154-097-0083,DECIMOMANNU,5154,1-5154-097-0083,1,1
10083,5154-098-0083-1,1-5154-098-0083,Carbonia Serbariu,5154,1-5154-098-0083,1,1
10083,5153-099-0083-1,1-5153-099-0083,CAGLIARI,5153,1-5153-099-0083,1,1
10083,5153-09A-0083-1,1-5153-09A-0083,CAGLIARI,5153,1-5153-09A-0083,1,1
10083,5153-09B-0083-1,1-5153-09B-0083,CAGLIARI,5153,1-5153-09B-0083,1,1
10083,5152-09C-0083-1,1-5152-09C-0083,Carbonia Serbariu,5152,1-5152-09C-0083,1,1
10083,5152-09D-0083-1,1-5152-09D-0083,Carbonia Serbariu,5152,1-5152-09D-0083,1,1
10083,5152-09E-0083-1,1-5152-09E-0083,DECIMOMANNU,5152,1-5152-09E-0083,1,1
10083,5151-09F-0083-1,1-5151-09F-0083,CAGLIARI,5151,1-5151-09F-0083,1,1
10083,5151-0A0-0083-1,1-5151-0A0-0083,CAGLIARI,5151,1-5151-0A0-0083,1,1
10083,5151-0A1-0083-1,1-5151-0A1-0083,CAGLIARI,5151,1-5151-0A1-0083,1,1
10083,5150-0A2-0083-1,1-5150-0A2-0083,Carbonia Serbariu,5150,1-5150-0A2-0083,1,1
10083,5150-0A3-0083-1,1-5150-0A3-0083,Carbonia Serbariu,5150,1-5150-0A3-0083,1,1
10083,5149-0A4-0083-1,1-5149-0A4-0083,CAGLIARI,5149,1-5149-0A4-0083,1,1
10083,5149-0A5-0083-1,1-5149-0A5-0083,CAGLIARI,5149,1-5149-0A5-0083,1,1
10083,5148-0A6-0083-1,1-5148-0A6-0083,Carbonia Serbariu,5148,1-5148-0A6-0083,1,1
10083,5148-0A7-0083-1,1-5148-0A7-0083,DECIMOMANNU,5148,1-5148-0A7-0083,1,1
10083,5148-0A8-0083-1,1-5148-0A8-0083,Carbonia Serbariu,5148,1-5148-0A8-0083,1,1
10083,5147-0A9-0083-1,1-5147-0A9-0083,CAGLIARI,5147,1-5147-0A9-0083,1,1
10083,5147-0AA-0083-1,1-5147-0AA-0083,CAGLIARI,5147,1-5147-0AA-0083,1,1
10083,5146-0AB-0083-1,1-5146-0AB-0083,Carbonia Serbariu,5146,1-5146-0AB-0083,1,1
10083,5146-0AC-0083-1,1-5146-0AC-0083,Carbonia Serbariu,5146,1-5146-0AC-0083,1,1
10083,5144-0AD-0083-1,1-5144-0AD-0083,Carbonia Serbariu,5144,1-5144-0AD-0083,1,1
10083,5144-0AE-0083-1,1-5144-0AE-0083,Carbonia Serbariu,5144,1-5144-0AE-0083,1,1
10083,5143-0AF-0083-1,1-5143-0AF-0083,CAGLIARI,5143,1-5143-0AF-0083,1,1
10083,5143-0B0-0083-1,1-5143-0B0-0083,CAGLIARI,5143,1-5143-0B0-0083,1,1
10083,5142-0B1-0083-1,1-5142-0B1-0083,Carbonia Serbariu,5142,1-5142-0B1-0083,1,1
10083,5142-0B2-0083-1,1-5142-0B2-0083,Carbonia Serbariu,5142,1-5142-0B2-0083,1,1
10083,5141-0B3-0083-1,1-5141-0B3-0083,CAGLIARI,5141,1-5141-0B3-0083,1,1
10083,5141-0B4-0083-1,1-5141-0B4-0083,CAGLIARI,5141,1-5141-0B4-0083,1,1
10083,5140-0B5-0083-1,1-5140-0B5-0083,Carbonia Serbariu,5140,1-5140-0B5-0083,1,1
10083,5140-0B6-0083-1,1-5140-0B6-0083,Carbonia Serbariu,5140,1-5140-0B6-0083,1,1
10083,4940-0B7-0083-1,1-4940-0B7-0083,MACOMER,4940,1-4940-0B7-0083,1,1
10083,4940-0B8-0083-1,1-4940-0B8-0083,MACOMER,4940,1-4940-0B8-0083,1,1
10083,4940-0B9-0083-1,1-4940-0B9-0083,MACOMER,4940,1-4940-0B9-0083,1,1
10083,4939-0BA-0083-1,1-4939-0BA-0083,CAGLIARI,4939,1-4939-0BA-0083,1,1
10083,4939-0BB-0083-1,1-4939-0BB-0083,CAGLIARI,4939,1-4939-0BB-0083,1,1
10083,4939-0BC-0083-1,1-4939-0BC-0083,CAGLIARI,4939,1-4939-0BC-0083,1,1
10083,4938-0BD-0083-1,1-4938-0BD-0083,MACOMER,4938,1-4938-0BD-0083,1,1
10083,4938-0BE-0083-1,1-4938-0BE-0083,MACOMER,4938,1-4938-0BE-0083,1,1
10083,4938-0BF-0083-1,1-4938-0BF-0083,MACOMER,4938,1-4938-0BF-0083,1,1
10083,4937-0C0-0083-1,1-4937-0C0-0083,CAGLIARI,4937,1-4937-0C0-0083,1,1
10083,4937-0C1-0083-1,1-4937-0C1-0083,CAGLIARI,4937,1-4937-0C1-0083,1,1
10083,4936-0C2-0083-1,1-4936-0C2-0083,MACOMER,4936,1-4936-0C2-0083,1,1
10083,4936-0C3-0083-1,1-4936-0C3-0083,MACOMER,4936,1-4936-0C3-0083,1,1
10083,4936-0C4-0083-1,1-4936-0C4-0083,MACOMER,4936,1-4936-0C4-0083,1,1
10083,4935-0C5-0083-1,1-4935-0C5-0083,CAGLIARI,4935,1-4935-0C5-0083,1,1
10083,4935-0C6-0083-1,1-4935-0C6-0083,CAGLIARI,4935,1-4935-0C6-0083,1,1
10083,4935-0C7-0083-1,1-4935-0C7-0083,CAGLIARI,4935,1-4935-0C7-0083,1,1
10083,4931-0C8-0083-1,1-4931-0C8-0083,CAGLIARI,4931,1-4931-0C8-0083,1,1
10083,4925-0C9-0083-1,1-4925-0C9-0083,CAGLIARI,4925,1-4925-0C9-0083,1,1
10083,4924-0CA-0083-1,1-4924-0CA-0083,DECIMOMANNU,4924,1-4924-0CA-0083,1,1
10083,4924-0CB-0083-1,1-4924-0CB-0083,IGLESIAS,4924,1-4924-0CB-0083,1,1
10083,4923-0CC-0083-1,1-4923-0CC-0083,CAGLIARI,4923,1-4923-0CC-0083,1,1
10083,4923-0CD-0083-1,1-4923-0CD-0083,CAGLIARI,4923,1-4923-0CD-0083,1,1
10083,4922-0CE-0083-1,1-4922-0CE-0083,IGLESIAS,4922,1-4922-0CE-0083,1,1
10083,4921-0CF-0083-1,1-4921-0CF-0083,CAGLIARI,4921,1-4921-0CF-0083,1,1
10083,4920-0D0-0083-1,1-4920-0D0-0083,IGLESIAS,4920,1-4920-0D0-0083,1,1
10083,4919-0D1-0083-1,1-4919-0D1-0083,CAGLIARI,4919,1-4919-0D1-0083,1,1
10083,4918-0D2-0083-1,1-4918-0D2-0083,IGLESIAS,4918,1-4918-0D2-0083,1,1
10083,4918-0D3-0083-1,1-4918-0D3-0083,DECIMOMANNU,4918,1-4918-0D3-0083,1,1
10083,4917-0D4-0083-1,1-4917-0D4-0083,CAGLIARI,4917,1-4917-0D4-0083,1,1
10083,4916-0D5-0083-1,1-4916-0D5-0083,IGLESIAS,4916,1-4916-0D5-0083,1,1
10083,4915-0D6-0083-1,1-4915-0D6-0083,CAGLIARI,4915,1-4915-0D6-0083,1,1
10083,4914-0D7-0083-1,1-4914-0D7-0083,IGLESIAS,4914,1-4914-0D7-0083,1,1
10083,4913-0D8-0083-1,1-4913-0D8-0083,CAGLIARI,4913,1-4913-0D8-0083,1,1
10083,4912-0D9-0083-1,1-4912-0D9-0083,IGLESIAS,4912,1-4912-0D9-0083,1,1
10083,4911-0DA-0083-1,1-4911-0DA-0083,CAGLIARI,4911,1-4911-0DA-0083,1,1
10083,4910-0DB-0083-1,1-4910-0DB-0083,IGLESIAS,4910,1-4910-0DB-0083,1,1
10083,4909-0DC-0083-1,1-4909-0DC-0083,CAGLIARI,4909,1-4909-0DC-0083,1,1
10083,4908-0DD-0083-1,1-4908-0DD-0083,IGLESIAS,4908,1-4908-0DD-0083,1,1
10083,4907-0DE-0083-1,1-4907-0DE-0083,CAGLIARI,4907,1-4907-0DE-0083,1,1
10083,4906-0DF-0083-1,1-4906-0DF-0083,IGLESIAS,4906,1-4906-0DF-0083,1,1
10083,4905-0E0-0083-1,1-4905-0E0-0083,CAGLIARI,4905,1-4905-0E0-0083,1,1
10083,4904-0E1-0083-1,1-4904-0E1-0083,IGLESIAS,4904,1-4904-0E1-0083,1,1
10083,4903-0E2-0083-1,1-4903-0E2-0083,CAGLIARI,4903,1-4903-0E2-0083,1,1
10083,4902-0E3-0083-1,1-4902-0E3-0083,IGLESIAS,4902,1-4902-0E3-0083,1,1
10083,4901-0E4-0083-1,1-4901-0E4-0083,CAGLIARI,4901,1-4901-0E4-0083,1,1
10083,4900-0E5-0083-1,1-4900-0E5-0083,IGLESIAS,4900,1-4900-0E5-0083,1,1
10083,4839-0E6-0083-1,1-4839-0E6-0083,CAGLIARI,4839,1-4839-0E6-0083,1,1
10083,4839-0E7-0083-1,1-4839-0E7-0083,CAGLIARI,4839,1-4839-0E7-0083,1,1
10083,4839-0E8-0083-1,1-4839-0E8-0083,CAGLIARI,4839,1-4839-0E8-0083,1,1
10083,4837-0E9-0083-1,1-4837-0E9-0083,CAGLIARI,4837,1-4837-0E9-0083,1,1
10083,4837-0EA-0083-1,1-4837-0EA-0083,CAGLIARI,4837,1-4837-0EA-0083,1,1
10083,4837-0EB-0083-1,1-4837-0EB-0083,CAGLIARI,4837,1-4837-0EB-0083,1,1
10083,4835-0EC-0083-1,1-4835-0EC-0083,CAGLIARI,4835,1-4835-0EC-0083,1,1
10083,4835-0ED-0083-1,1-4835-0ED-0083,CAGLIARI,4835,1-4835-0ED-0083,1,1
10083,4834-0EE-0083-1,1-4834-0EE-0083,SASSARI,4834,1-4834-0EE-0083,1,1
10083,4834-0EF-0083-1,1-4834-0EF-0083,SASSARI,4834,1-4834-0EF-0083,1,1
10083,4834-0F0-0083-1,1-4834-0F0-0083,SASSARI,4834,1-4834-0F0-0083,1,1
10083,4833-0F1-0083-1,1-4833-0F1-0083,CAGLIARI,4833,1-4833-0F1-0083,1,1
10083,4833-0F2-0083-1,1-4833-0F2-0083,CAGLIARI,4833,1-4833-0F2-0083,1,1
10083,4833-0F3-0083-1,1-4833-0F3-0083,CAGLIARI,4833,1-4833-0F3-0083,1,1
10083,4832-0F4-0083-1,1-4832-0F4-0083,SASSARI,4832,1-4832-0F4-0083,1,1
10083,4832-0F5-0083-1,1-4832-0F5-0083,SASSARI,4832,1-4832-0F5-0083,1,1
10083,4832-0F6-0083-1,1-4832-0F6-0083,SASSARI,4832,1-4832-0F6-0083,1,1
10083,4831-0F7-0083-1,1-4831-0F7-0083,CAGLIARI,4831,1-4831-0F7-0083,1,1
10083,4831-0F8-0083-1,1-4831-0F8-0083,CAGLIARI,4831,1-4831-0F8-0083,1,1
10083,4831-0F9-0083-1,1-4831-0F9-0083,CAGLIARI,4831,1-4831-0F9-0083,1,1
10083,4830-0FA-0083-1,1-4830-0FA-0083,PORTO TORRES MARITTIMA,4830,1-4830-0FA-0083,1,1
10083,4830-0FB-0083-1,1-4830-0FB-0083,PORTO TORRES MARITTIMA,4830,1-4830-0FB-0083,1,1
10083,4830-0FC-0083-1,1-4830-0FC-0083,PORTO TORRES MARITTIMA,4830,1-4830-0FC-0083,1,1
10083,4829-0FD-0083-1,1-4829-0FD-0083,CAGLIARI,4829,1-4829-0FD-0083,1,1
10083,4829-0FE-0083-1,1-4829-0FE-0083,CAGLIARI,4829,1-4829-0FE-0083,1,1
10083,4829-0FF-0083-1,1-4829-0FF-0083,CAGLIARI,4829,1-4829-0FF-0083,1,1
10083,4828-100-0083-1,1-4828-100-0083,PORTO TORRES MARITTIMA,4828,1-4828-100-0083,1,1
10083,4828-101-0083-1,1-4828-101-0083,PORTO TORRES MARITTIMA,4828,1-4828-101-0083,1,1
10083,4828-102-0083-1,1-4828-102-0083,PORTO TORRES MARITTIMA,4828,1-4828-102-0083,1,1
10083,4827-103-0083-1,1-4827-103-0083,CAGLIARI,4827,1-4827-103-0083,1,1
10083,4827-104-0083-1,1-4827-104-0083,CAGLIARI,4827,1-4827-104-0083,1,1
10083,4827-105-0083-1,1-4827-105-0083,CAGLIARI,4827,1-4827-105-0083,1,1
10083,4826-106-0083-1,1-4826-106-0083,SASSARI,4826,1-4826-106-0083,1,1
10083,4826-107-0083-1,1-4826-107-0083,SASSARI,4826,1-4826-107-0083,1,1
10083,4826-108-0083-1,1-4826-108-0083,SASSARI,4826,1-4826-108-0083,1,1
10083,4825-109-0083-1,1-4825-109-0083,CAGLIARI,4825,1-4825-109-0083,1,1
10083,4825-10A-0083-1,1-4825-10A-0083,CAGLIARI,4825,1-4825-10A-0083,1,1
10083,4825-10B-0083-1,1-4825-10B-0083,CAGLIARI,4825,1-4825-10B-0083,1,1
10083,4825-10C-0083-1,1-4825-10C-0083,CAGLIARI,4825,1-4825-10C-0083,1,1
10083,4824-10D-0083-1,1-4824-10D-0083,SASSARI,4824,1-4824-10D-0083,1,1
10083,4824-10E-0083-1,1-4824-10E-0083,SASSARI,4824,1-4824-10E-0083,1,1
10083,4824-10F-0083-1,1-4824-10F-0083,SASSARI,4824,1-4824-10F-0083,1,1
10083,4821-110-0083-1,1-4821-110-0083,VILLAMASSARGIA DOMUSNOVAS,4821,1-4821-110-0083,1,1
10083,4819-111-0083-1,1-4819-111-0083,VILLAMASSARGIA DOMUSNOVAS,4819,1-4819-111-0083,1,1
10083,4818-112-0083-1,1-4818-112-0083,IGLESIAS,4818,1-4818-112-0083,1,1
10083,4817-113-0083-1,1-4817-113-0083,VILLAMASSARGIA DOMUSNOVAS,4817,1-4817-113-0083,1,1
10083,4816-114-0083-1,1-4816-114-0083,IGLESIAS,4816,1-4816-114-0083,1,1
10083,4815-115-0083-1,1-4815-115-0083,VILLAMASSARGIA DOMUSNOVAS,4815,1-4815-115-0083,1,1
10083,4782-116-0083-1,1-4782-116-0083,Carbonia Serbariu,4782,1-4782-116-0083,1,1
10083,4782-117-0083-1,1-4782-117-0083,Carbonia Serbariu,4782,1-4782-117-0083,1,1
10083,4781-118-0083-1,1-4781-118-0083,VILLAMASSARGIA DOMUSNOVAS,4781,1-4781-118-0083,1,1
10083,4781-119-0083-1,1-4781-119-0083,VILLAMASSARGIA DOMUSNOVAS,4781,1-4781-119-0083,1,1
10083,4780-11A-0083-1,1-4780-11A-0083,Carbonia Serbariu,4780,1-4780-11A-0083,1,1
10083,4780-11B-0083-1,1-4780-11B-0083,Carbonia Serbariu,4780,1-4780-11B-0083,1,1
10083,4779-11C-0083-1,1-4779-11C-0083,VILLAMASSARGIA DOMUSNOVAS,4779,1-4779-11C-0083,1,1
10083,4779-11D-0083-1,1-4779-11D-0083,VILLAMASSARGIA DOMUSNOVAS,4779,1-4779-11D-0083,1,1
10083,4778-11E-0083-1,1-4778-11E-0083,Carbonia Serbariu,4778,1-4778-11E-0083,1,1
10083,4778-11F-0083-1,1-4778-11F-0083,Carbonia Serbariu,4778,1-4778-11F-0083,1,1
10083,4777-120-0083-1,1-4777-120-0083,VILLAMASSARGIA DOMUSNOVAS,4777,1-4777-120-0083,1,1
10083,4777-121-0083-1,1-4777-121-0083,VILLAMASSARGIA DOMUSNOVAS,4777,1-4777-121-0083,1,1
10083,4776-122-0083-1,1-4776-122-0083,Carbonia Serbariu,4776,1-4776-122-0083,1,1
10083,4776-123-0083-1,1-4776-123-0083,Carbonia Serbariu,4776,1-4776-123-0083,1,1
10083,4775-124-0083-1,1-4775-124-0083,VILLAMASSARGIA DOMUSNOVAS,4775,1-4775-124-0083,1,1
10083,4775-125-0083-1,1-4775-125-0083,VILLAMASSARGIA DOMUSNOVAS,4775,1-4775-125-0083,1,1
10083,4774-126-0083-1,1-4774-126-0083,Carbonia Serbariu,4774,1-4774-126-0083,1,1
10083,4774-127-0083-1,1-4774-127-0083,Carbonia Serbariu,4774,1-4774-127-0083,1,1
10083,4773-128-0083-1,1-4773-128-0083,VILLAMASSARGIA DOMUSNOVAS,4773,1-4773-128-0083,1,1
10083,4773-129-0083-1,1-4773-129-0083,VILLAMASSARGIA DOMUSNOVAS,4773,1-4773-129-0083,1,1
10083,4772-12A-0083-1,1-4772-12A-0083,Carbonia Serbariu,4772,1-4772-12A-0083,1,1
10083,4772-12B-0083-1,1-4772-12B-0083,Carbonia Serbariu,4772,1-4772-12B-0083,1,1
10083,4771-12C-0083-1,1-4771-12C-0083,VILLAMASSARGIA DOMUSNOVAS,4771,1-4771-12C-0083,1,1
10083,4771-12D-0083-1,1-4771-12D-0083,VILLAMASSARGIA DOMUSNOVAS,4771,1-4771-12D-0083,1,1
10083,4770-12E-0083-1,1-4770-12E-0083,Carbonia Serbariu,4770,1-4770-12E-0083,1,1
10083,4770-12F-0083-1,1-4770-12F-0083,Carbonia Serbariu,4770,1-4770-12F-0083,1,1
10083,4760-130-0083-1,1-4760-130-0083,OLBIA,4760,1-4760-130-0083,1,1
10083,4760-131-0083-1,1-4760-131-0083,Olbia Terranova,4760,1-4760-131-0083,1,1
10083,4760-132-0083-1,1-4760-132-0083,Olbia Terranova,4760,1-4760-132-0083,1,1
10083,4758-133-0083-1,1-4758-133-0083,OLBIA,4758,1-4758-133-0083,1,1
10083,4758-134-0083-1,1-4758-134-0083,Olbia Terranova,4758,1-4758-134-0083,1,1
10083,4758-135-0083-1,1-4758-135-0083,Olbia Terranova,4758,1-4758-135-0083,1,1
10083,4757-136-0083-1,1-4757-136-0083,CAGLIARI,4757,1-4757-136-0083,1,1
10083,4757-137-0083-1,1-4757-137-0083,CAGLIARI,4757,1-4757-137-0083,1,1
10083,4757-138-0083-1,1-4757-138-0083,CAGLIARI,4757,1-4757-138-0083,1,1
10083,4756-139-0083-1,1-4756-139-0083,OLBIA,4756,1-4756-139-0083,1,1
10083,4756-13A-0083-1,1-4756-13A-0083,Olbia Terranova,4756,1-4756-13A-0083,1,1
10083,4756-13B-0083-1,1-4756-13B-0083,Olbia Terranova,4756,1-4756-13B-0083,1,1
10083,4755-13C-0083-1,1-4755-13C-0083,CAGLIARI,4755,1-4755-13C-0083,1,1
10083,4755-13D-0083-1,1-4755-13D-0083,CAGLIARI,4755,1-4755-13D-0083,1,1
10083,4755-13E-0083-1,1-4755-13E-0083,CAGLIARI,4755,1-4755-13E-0083,1,1
10083,4754-13F-0083-1,1-4754-13F-0083,OLBIA,4754,1-4754-13F-0083,1,1
10083,4754-140-0083-1,1-4754-140-0083,Olbia Terranova,4754,1-4754-140-0083,1,1
10083,4754-141-0083-1,1-4754-141-0083,Olbia Terranova,4754,1-4754-141-0083,1,1
10083,4753-142-0083-1,1-4753-142-0083,CAGLIARI,4753,1-4753-142-0083,1,1
10083,4753-143-0083-1,1-4753-143-0083,CAGLIARI,4753,1-4753-143-0083,1,1
10083,4753-144-0083-1,1-4753-144-0083,CAGLIARI,4753,1-4753-144-0083,1,1
10083,4752-145-0083-1,1-4752-145-0083,OLBIA,4752,1-4752-145-0083,1,1
10083,4752-146-0083-1,1-4752-146-0083,Olbia Terranova,4752,1-4752-146-0083,1,1
10083,4752-147-0083-1,1-4752-147-0083,Olbia Terranova,4752,1-4752-147-0083,1,1
10083,4751-148-0083-1,1-4751-148-0083,CAGLIARI,4751,1-4751-148-0083,1,1
10083,4751-149-0083-1,1-4751-149-0083,CAGLIARI,4751,1-4751-149-0083,1,1
10083,4751-14A-0083-1,1-4751-14A-0083,CAGLIARI,4751,1-4751-14A-0083,1,1
10083,4750-14B-0083-1,1-4750-14B-0083,OLBIA,4750,1-4750-14B-0083,1,1
10083,4750-14C-0083-1,1-4750-14C-0083,Olbia Terranova,4750,1-4750-14C-0083,1,1
10083,4750-14D-0083-1,1-4750-14D-0083,Olbia Terranova,4750,1-4750-14D-0083,1,1
10083,23063-14E-0083-1,1-23063-14E-0083,CAGLIARI,23063,1-23063-14E-0083,1,1
10083,23063-14F-0083-1,1-23063-14F-0083,CAGLIARI,23063,1-23063-14F-0083,1,1
10083,23061-150-0083-1,1-23061-150-0083,CAGLIARI,23061,1-23061-150-0083,1,1
10083,23061-151-0083-1,1-23061-151-0083,CAGLIARI,23061,1-23061-151-0083,1,1
10083,23057-152-0083-1,1-23057-152-0083,CAGLIARI,23057,1-23057-152-0083,1,1
10083,23057-153-0083-1,1-23057-153-0083,CAGLIARI,23057,1-23057-153-0083,1,1
10083,23055-154-0083-1,1-23055-154-0083,CAGLIARI,23055,1-23055-154-0083,1,1
10083,23055-155-0083-1,1-23055-155-0083,CAGLIARI,23055,1-23055-155-0083,1,1
10083,23052-156-0083-1,1-23052-156-0083,SASSARI,23052,1-23052-156-0083,1,1
10083,23051-157-0083-1,1-23051-157-0083,OZIERI CHILIVANI,23051,1-23051-157-0083,1,1
10083,23049-158-0083-1,1-23049-158-0083,CAGLIARI,23049,1-23049-158-0083,1,1
10083,23049-159-0083-1,1-23049-159-0083,CAGLIARI,23049,1-23049-159-0083,1,1
10083,23048-15A-0083-1,1-23048-15A-0083,ORISTANO,23048,1-23048-15A-0083,1,1
10083,23047-15B-0083-1,1-23047-15B-0083,CAGLIARI,23047,1-23047-15B-0083,1,1
10083,23047-15C-0083-1,1-23047-15C-0083,CAGLIARI,23047,1-23047-15C-0083,1,1
10083,23046-15D-0083-1,1-23046-15D-0083,SASSARI,23046,1-23046-15D-0083,1,1
10083,23046-15E-0083-1,1-23046-15E-0083,SASSARI,23046,1-23046-15E-0083,1,1
10083,23045-15F-0083-1,1-23045-15F-0083,MACOMER,23045,1-23045-15F-0083,1,1
10083,23034-160-0083-1,1-23034-160-0083,SASSARI,23034,1-23034-160-0083,1,1
10083,23034-161-0083-1,1-23034-161-0083,SASSARI,23034,1-23034-161-0083,1,1
10083,23030-162-0083-1,1-23030-162-0083,SASSARI,23030,1-23030-162-0083,1,1
10083,23030-163-0083-1,1-23030-163-0083,SASSARI,23030,1-23030-163-0083,1,1
10083,23028-164-0083-1,1-23028-164-0083,SASSARI,23028,1-23028-164-0083,1,1
10083,23028-165-0083-1,1-23028-165-0083,SASSARI,23028,1-23028-165-0083,1,1
10083,23026-166-0083-1,1-23026-166-0083,SASSARI,23026,1-23026-166-0083,1,1
10083,23026-167-0083-1,1-23026-167-0083,SASSARI,23026,1-23026-167-0083,1,1
10083,23024-168-0083-1,1-23024-168-0083,SASSARI,23024,1-23024-168-0083,1,1
10083,23024-169-0083-1,1-23024-169-0083,SASSARI,23024,1-23024-169-0083,1,1
10083,23003-16A-0083-1,1-23003-16A-0083,SASSARI,23003,1-23003-16A-0083,1,1
10083,22075-16B-0083-1,1-22075-16B-0083,CAGLIARI,22075,1-22075-16B-0083,1,1
10083,22074-16C-0083-1,1-22074-16C-0083,S.GAVINO,22074,1-22074-16C-0083,1,1
10083,22073-16D-0083-1,1-22073-16D-0083,CAGLIARI,22073,1-22073-16D-0083,1,1
10083,22072-16E-0083-1,1-22072-16E-0083,S.GAVINO,22072,1-22072-16E-0083,1,1
10083,22071-16F-0083-1,1-22071-16F-0083,CAGLIARI,22071,1-22071-16F-0083,1,1
10083,22070-170-0083-1,1-22070-170-0083,S.GAVINO,22070,1-22070-170-0083,1,1
10083,22069-171-0083-1,1-22069-171-0083,CAGLIARI,22069,1-22069-171-0083,1,1
10083,22068-172-0083-1,1-22068-172-0083,S.GAVINO,22068,1-22068-172-0083,1,1
10083,22067-173-0083-1,1-22067-173-0083,CAGLIARI,22067,1-22067-173-0083,1,1
10083,22066-174-0083-1,1-22066-174-0083,S.GAVINO,22066,1-22066-174-0083,1,1
10083,22065-175-0083-1,1-22065-175-0083,CAGLIARI,22065,1-22065-175-0083,1,1
10083,22064-176-0083-1,1-22064-176-0083,S.GAVINO,22064,1-22064-176-0083,1,1
10083,22063-177-0083-1,1-22063-177-0083,CAGLIARI,22063,1-22063-177-0083,1,1
10083,22062-178-0083-1,1-22062-178-0083,S.GAVINO,22062,1-22062-178-0083,1,1
10083,22061-179-0083-1,1-22061-179-0083,CAGLIARI,22061,1-22061-179-0083,1,1
10083,22060-17A-0083-1,1-22060-17A-0083,S.GAVINO,22060,1-22060-17A-0083,1,1
10083,22059-17B-0083-1,1-22059-17B-0083,CAGLIARI,22059,1-22059-17B-0083,1,1
10083,22058-17C-0083-1,1-22058-17C-0083,S.GAVINO,22058,1-22058-17C-0083,1,1
10083,22057-17D-0083-1,1-22057-17D-0083,CAGLIARI,22057,1-22057-17D-0083,1,1
10083,22056-17E-0083-1,1-22056-17E-0083,S.GAVINO,22056,1-22056-17E-0083,1,1
70083,CA78-17F-0083-7,7-CA78-17F-0083,Carbonia Serbariu,CA78,7-CA78-17F-0083,0,0
70083,CA74-180-0083-7,7-CA74-180-0083,Carbonia Serbariu,CA74,7-CA74-180-0083,0,0
70083,CA73-181-0083-7,7-CA73-181-0083,DECIMOMANNU,CA73,7-CA73-181-0083,0,0
70083,CA72-182-0083-7,7-CA72-182-0083,Carbonia Serbariu,CA72,7-CA72-182-0083,0,0
70083,CA71-183-0083-7,7-CA71-183-0083,DECIMOMANNU,CA71,7-CA71-183-0083,0,0
70083,CA70-184-0083-7,7-CA70-184-0083,Carbonia Serbariu,CA70,7-CA70-184-0083,0,0
70083,CA69-185-0083-7,7-CA69-185-0083,DECIMOMANNU,CA69,7-CA69-185-0083,0,0
70083,CA68-186-0083-7,7-CA68-186-0083,Carbonia Serbariu,CA68,7-CA68-186-0083,0,0
70083,CA67-187-0083-7,7-CA67-187-0083,DECIMOMANNU,CA67,7-CA67-187-0083,0,0
70083,CA66-188-0083-7,7-CA66-188-0083,Carbonia Serbariu,CA66,7-CA66-188-0083,0,0
70083,CA650-189-0083-7,7-CA650-189-0083,OZIERI CHILIVANI,CA650,7-CA650-189-0083,0,0
70083,CA65-18A-0083-7,7-CA65-18A-0083,DECIMOMANNU,CA65,7-CA65-18A-0083,0,0
70083,CA648-18B-0083-7,7-CA648-18B-0083,OZIERI CHILIVANI,CA648,7-CA648-18B-0083,0,0
70083,CA646-18C-0083-7,7-CA646-18C-0083,OZIERI CHILIVANI,CA646,7-CA646-18C-0083,0,0
70083,CA644-18D-0083-7,7-CA644-18D-0083,OZIERI CHILIVANI,CA644,7-CA644-18D-0083,0,0
70083,CA642-18E-0083-7,7-CA642-18E-0083,OZIERI CHILIVANI,CA642,7-CA642-18E-0083,0,0
70083,CA640-18F-0083-7,7-CA640-18F-0083,OZIERI CHILIVANI,CA640,7-CA640-18F-0083,0,0
70083,CA64-190-0083-7,7-CA64-190-0083,Carbonia Serbariu,CA64,7-CA64-190-0083,0,0
70083,CA638-191-0083-7,7-CA638-191-0083,OZIERI CHILIVANI,CA638,7-CA638-191-0083,0,0
70083,CA636-192-0083-7,7-CA636-192-0083,OZIERI CHILIVANI,CA636,7-CA636-192-0083,0,0
70083,CA634-193-0083-7,7-CA634-193-0083,OZIERI CHILIVANI,CA634,7-CA634-193-0083,0,0
70083,CA632-194-0083-7,7-CA632-194-0083,Olbia Terranova,CA632,7-CA632-194-0083,0,0
70083,CA630-195-0083-7,7-CA630-195-0083,Olbia Terranova,CA630,7-CA630-195-0083,0,0
70083,CA63-196-0083-7,7-CA63-196-0083,DECIMOMANNU,CA63,7-CA63-196-0083,0,0
70083,CA628-197-0083-7,7-CA628-197-0083,OZIERI CHILIVANI,CA628,7-CA628-197-0083,0,0
70083,CA626-198-0083-7,7-CA626-198-0083,OZIERI CHILIVANI,CA626,7-CA626-198-0083,0,0
70083,CA625-199-0083-7,7-CA625-199-0083,GOLFO ARANCI,CA625,7-CA625-199-0083,0,0
70083,CA624-19A-0083-7,7-CA624-19A-0083,OZIERI CHILIVANI,CA624,7-CA624-19A-0083,0,0
70083,CA623-19B-0083-7,7-CA623-19B-0083,GOLFO ARANCI,CA623,7-CA623-19B-0083,0,0
70083,CA622-19C-0083-7,7-CA622-19C-0083,OZIERI CHILIVANI,CA622,7-CA622-19C-0083,0,0
70083,CA621-19D-0083-7,7-CA621-19D-0083,GOLFO ARANCI,CA621,7-CA621-19D-0083,0,0
70083,CA620-19E-0083-7,7-CA620-19E-0083,OZIERI CHILIVANI,CA620,7-CA620-19E-0083,0,0
70083,CA62-19F-0083-7,7-CA62-19F-0083,IGLESIAS,CA62,7-CA62-19F-0083,0,0
70083,CA619-1A0-0083-7,7-CA619-1A0-0083,Olbia Terranova,CA619,7-CA619-1A0-0083,0,0
70083,CA618-1A1-0083-7,7-CA618-1A1-0083,OZIERI CHILIVANI,CA618,7-CA618-1A1-0083,0,0
70083,CA617-1A2-0083-7,7-CA617-1A2-0083,Olbia Terranova,CA617,7-CA617-1A2-0083,0,0
70083,CA617-1A3-0083-7,7-CA617-1A3-0083,Olbia Terranova,CA617,7-CA617-1A3-0083,0,0
70083,CA616-1A4-0083-7,7-CA616-1A4-0083,OZIERI CHILIVANI,CA616,7-CA616-1A4-0083,0,0
70083,CA615-1A5-0083-7,7-CA615-1A5-0083,Olbia Terranova,CA615,7-CA615-1A5-0083,0,0
70083,CA614-1A6-0083-7,7-CA614-1A6-0083,OZIERI CHILIVANI,CA614,7-CA614-1A6-0083,0,0
70083,CA613-1A7-0083-7,7-CA613-1A7-0083,Olbia Terranova,CA613,7-CA613-1A7-0083,0,0
70083,CA612-1A8-0083-7,7-CA612-1A8-0083,OZIERI CHILIVANI,CA612,7-CA612-1A8-0083,0,0
70083,CA611-1A9-0083-7,7-CA611-1A9-0083,GOLFO ARANCI,CA611,7-CA611-1A9-0083,0,0
70083,CA610-1AA-0083-7,7-CA610-1AA-0083,Olbia Terranova,CA610,7-CA610-1AA-0083,0,0
70083,CA61-1AB-0083-7,7-CA61-1AB-0083,DECIMOMANNU,CA61,7-CA61-1AB-0083,0,0
70083,CA609-1AC-0083-7,7-CA609-1AC-0083,GOLFO ARANCI,CA609,7-CA609-1AC-0083,0,0
70083,CA608-1AD-0083-7,7-CA608-1AD-0083,Olbia Terranova,CA608,7-CA608-1AD-0083,0,0
70083,CA608-1AE-0083-7,7-CA608-1AE-0083,Olbia Terranova,CA608,7-CA608-1AE-0083,0,0
70083,CA607-1AF-0083-7,7-CA607-1AF-0083,GOLFO ARANCI,CA607,7-CA607-1AF-0083,0,0
70083,CA606-1B0-0083-7,7-CA606-1B0-0083,Olbia Terranova,CA606,7-CA606-1B0-0083,0,0
70083,CA605-1B1-0083-7,7-CA605-1B1-0083,GOLFO ARANCI,CA605,7-CA605-1B1-0083,0,0
70083,CA604-1B2-0083-7,7-CA604-1B2-0083,Olbia Terranova,CA604,7-CA604-1B2-0083,0,0
70083,CA603-1B3-0083-7,7-CA603-1B3-0083,GOLFO ARANCI,CA603,7-CA603-1B3-0083,0,0
70083,CA602-1B4-0083-7,7-CA602-1B4-0083,Olbia Terranova,CA602,7-CA602-1B4-0083,0,0
70083,CA601-1B5-0083-7,7-CA601-1B5-0083,GOLFO ARANCI,CA601,7-CA601-1B5-0083,0,0
70083,CA600-1B6-0083-7,7-CA600-1B6-0083,Olbia Terranova,CA600,7-CA600-1B6-0083,0,0
70083,CA60-1B7-0083-7,7-CA60-1B7-0083,IGLESIAS,CA60,7-CA60-1B7-0083,0,0
70083,CA59-1B8-0083-7,7-CA59-1B8-0083,DECIMOMANNU,CA59,7-CA59-1B8-0083,0,0
70083,CA58-1B9-0083-7,7-CA58-1B9-0083,IGLESIAS,CA58,7-CA58-1B9-0083,0,0
70083,CA57-1BA-0083-7,7-CA57-1BA-0083,DECIMOMANNU,CA57,7-CA57-1BA-0083,0,0
70083,CA56-1BB-0083-7,7-CA56-1BB-0083,IGLESIAS,CA56,7-CA56-1BB-0083,0,0
70083,CA55-1BC-0083-7,7-CA55-1BC-0083,DECIMOMANNU,CA55,7-CA55-1BC-0083,0,0
70083,CA54-1BD-0083-7,7-CA54-1BD-0083,IGLESIAS,CA54,7-CA54-1BD-0083,0,0
70083,CA53-1BE-0083-7,7-CA53-1BE-0083,DECIMOMANNU,CA53,7-CA53-1BE-0083,0,0
70083,CA52-1BF-0083-7,7-CA52-1BF-0083,IGLESIAS,CA52,7-CA52-1BF-0083,0,0
70083,CA51-1C0-0083-7,7-CA51-1C0-0083,DECIMOMANNU,CA51,7-CA51-1C0-0083,0,0
70083,CA50-1C1-0083-7,7-CA50-1C1-0083,IGLESIAS,CA50,7-CA50-1C1-0083,0,0
70083,CA296-1C2-0083-7,7-CA296-1C2-0083,Carbonia Serbariu,CA296,7-CA296-1C2-0083,0,0
70083,CA291-1C3-0083-7,7-CA291-1C3-0083,Olbia Terranova,CA291,7-CA291-1C3-0083,0,0
70083,CA279-1C4-0083-7,7-CA279-1C4-0083,VILLAMASSARGIA DOMUSNOVAS,CA279,7-CA279-1C4-0083,0,0
70083,CA278-1C5-0083-7,7-CA278-1C5-0083,Carbonia Serbariu,CA278,7-CA278-1C5-0083,0,0
70083,CA276-1C6-0083-7,7-CA276-1C6-0083,Carbonia Serbariu,CA276,7-CA276-1C6-0083,0,0
70083,CA175-1C7-0083-7,7-CA175-1C7-0083,VILLAMASSARGIA DOMUSNOVAS,CA175,7-CA175-1C7-0083,0,0
70083,CA171-1C8-0083-7,7-CA171-1C8-0083,VILLAMASSARGIA DOMUSNOVAS,CA171,7-CA171-1C8-0083,0,0
70083,CA152-1C9-0083-7,7-CA152-1C9-0083,GOLFO ARANCI,CA152,7-CA152-1C9-0083,0,0
70083,CA13-1CA-0083-7,7-CA13-1CA-0083,GOLFO ARANCI,CA13,7-CA13-1CA-0083,0,0
70083,CA126-1CB-0083-7,7-CA126-1CB-0083,MACOMER,CA126,7-CA126-1CB-0083,0,0
70083,CA126-1CC-0083-7,7-CA126-1CC-0083,MACOMER,CA126,7-CA126-1CC-0083,0,0
70083,CA126-1CD-0083-7,7-CA126-1CD-0083,MACOMER,CA126,7-CA126-1CD-0083,0,0
70083,CA123-1CE-0083-7,7-CA123-1CE-0083,ORISTANO,CA123,7-CA123-1CE-0083,0,0
70083,CA121-1CF-0083-7,7-CA121-1CF-0083,ORISTANO,CA121,7-CA121-1CF-0083,0,0
70083,CA113-1D0-0083-7,7-CA113-1D0-0083,OZIERI CHILIVANI,CA113,7-CA113-1D0-0083,0,0
70083,CA110-1D1-0083-7,7-CA110-1D1-0083,ORISTANO,CA110,7-CA110-1D1-0083,0,0
70083,CA109-1D2-0083-7,7-CA109-1D2-0083,CAGLIARI,CA109,7-CA109-1D2-0083,0,0
70083,CA016-1D3-0083-7,7-CA016-1D3-0083,Olbia Terranova,CA016,7-CA016-1D3-0083,0,0
70083,CA014-1D4-0083-7,7-CA014-1D4-0083,Olbia Terranova,CA014,7-CA014-1D4-0083,0,0
70083,CA012-1D5-0083-7,7-CA012-1D5-0083,Olbia Terranova,CA012,7-CA012-1D5-0083,0,0
70083,CA011-1D6-0083-7,7-CA011-1D6-0083,GOLFO ARANCI,CA011,7-CA011-1D6-0083,0,0
70083,CA010-1D7-0083-7,7-CA010-1D7-0083,Olbia Terranova,CA010,7-CA010-1D7-0083,0,0
70083,CA009-1D8-0083-7,7-CA009-1D8-0083,GOLFO ARANCI,CA009,7-CA009-1D8-0083,0,0
70083,CA008-1D9-0083-7,7-CA008-1D9-0083,Olbia Terranova,CA008,7-CA008-1D9-0083,0,0
70083,CA007-1DA-0083-7,7-CA007-1DA-0083,GOLFO ARANCI,CA007,7-CA007-1DA-0083,0,0
70083,CA006-1DB-0083-7,7-CA006-1DB-0083,Olbia Terranova,CA006,7-CA006-1DB-0083,0,0
70083,CA005-1DC-0083-7,7-CA005-1DC-0083,GOLFO ARANCI,CA005,7-CA005-1DC-0083,0,0
70083,CA003-1DD-0083-7,7-CA003-1DD-0083,GOLFO ARANCI,CA003,7-CA003-1DD-0083,0,0
70083,CA002-1DE-0083-7,7-CA002-1DE-0083,Olbia Terranova,CA002,7-CA002-1DE-0083,0,0
70083,CA001-1DF-0083-7,7-CA001-1DF-0083,GOLFO ARANCI,CA001,7-CA001-1DF-0083,0,0
10083,94960-1E0-0083-1,1-94960-1E0-0083,IGLESIAS,94960,1-94960-1E0-0083,1,1
10083,94959-1E1-0083-1,1-94959-1E1-0083,CAGLIARI,94959,1-94959-1E1-0083,1,1
10083,94924-1E2-0083-1,1-94924-1E2-0083,OLBIA,94924,1-94924-1E2-0083,1,1
10083,94924-1E3-0083-1,1-94924-1E3-0083,Olbia Terranova,94924,1-94924-1E3-0083,1,1
10083,94919-1E4-0083-1,1-94919-1E4-0083,OZIERI CHILIVANI,94919,1-94919-1E4-0083,1,1
10083,94919-1E5-0083-1,1-94919-1E5-0083,OZIERI CHILIVANI,94919,1-94919-1E5-0083,1,1
10083,5927-1E6-0083-1,1-5927-1E6-0083,OLBIA,5927,1-5927-1E6-0083,1,1
10083,5926-1E7-0083-1,1-5926-1E7-0083,GOLFO ARANCI,5926,1-5926-1E7-0083,1,1
10083,5925-1E8-0083-1,1-5925-1E8-0083,OLBIA,5925,1-5925-1E8-0083,1,1
10083,5924-1E9-0083-1,1-5924-1E9-0083,GOLFO ARANCI,5924,1-5924-1E9-0083,1,1
10083,5923-1EA-0083-1,1-5923-1EA-0083,OLBIA,5923,1-5923-1EA-0083,1,1
10083,5922-1EB-0083-1,1-5922-1EB-0083,GOLFO ARANCI,5922,1-5922-1EB-0083,1,1
10083,5921-1EC-0083-1,1-5921-1EC-0083,OLBIA,5921,1-5921-1EC-0083,1,1
10083,5920-1ED-0083-1,1-5920-1ED-0083,GOLFO ARANCI,5920,1-5920-1ED-0083,1,1
10083,5919-1EE-0083-1,1-5919-1EE-0083,OLBIA,5919,1-5919-1EE-0083,1,1
10083,5918-1EF-0083-1,1-5918-1EF-0083,GOLFO ARANCI,5918,1-5918-1EF-0083,1,1
10083,5917-1F0-0083-1,1-5917-1F0-0083,OLBIA,5917,1-5917-1F0-0083,1,1
10083,5916-1F1-0083-1,1-5916-1F1-0083,GOLFO ARANCI,5916,1-5916-1F1-0083,1,1
10083,5293-1F2-0083-1,1-5293-1F2-0083,OLBIA,5293,1-5293-1F2-0083,1,1
10083,5293-1F3-0083-1,1-5293-1F3-0083,Olbia Terranova,5293,1-5293-1F3-0083,1,1
10083,5291-1F4-0083-1,1-5291-1F4-0083,OLBIA,5291,1-5291-1F4-0083,1,1
10083,5291-1F5-0083-1,1-5291-1F5-0083,OZIERI CHILIVANI,5291,1-5291-1F5-0083,1,1
10083,5291-1F6-0083-1,1-5291-1F6-0083,Olbia Terranova,5291,1-5291-1F6-0083,1,1
10083,5289-1F7-0083-1,1-5289-1F7-0083,OLBIA,5289,1-5289-1F7-0083,1,1
10083,5289-1F8-0083-1,1-5289-1F8-0083,Olbia Terranova,5289,1-5289-1F8-0083,1,1
10083,5285-1F9-0083-1,1-5285-1F9-0083,OLBIA,5285,1-5285-1F9-0083,1,1
10083,5285-1FA-0083-1,1-5285-1FA-0083,Olbia Terranova,5285,1-5285-1FA-0083,1,1
10083,5283-1FB-0083-1,1-5283-1FB-0083,SASSARI,5283,1-5283-1FB-0083,1,1
10083,5283-1FC-0083-1,1-5283-1FC-0083,SASSARI,5283,1-5283-1FC-0083,1,1
10083,5281-1FD-0083-1,1-5281-1FD-0083,SASSARI,5281,1-5281-1FD-0083,1,1
10083,5281-1FE-0083-1,1-5281-1FE-0083,SASSARI,5281,1-5281-1FE-0083,1,1
10083,5279-1FF-0083-1,1-5279-1FF-0083,SASSARI,5279,1-5279-1FF-0083,1,1
10083,5279-200-0083-1,1-5279-200-0083,SASSARI,5279,1-5279-200-0083,1,1
10083,5277-201-0083-1,1-5277-201-0083,SASSARI,5277,1-5277-201-0083,1,1
10083,5277-202-0083-1,1-5277-202-0083,SASSARI,5277,1-5277-202-0083,1,1
10083,5275-203-0083-1,1-5275-203-0083,SASSARI,5275,1-5275-203-0083,1,1
10083,5275-204-0083-1,1-5275-204-0083,SASSARI,5275,1-5275-204-0083,1,1
10083,5275-205-0083-1,1-5275-205-0083,SASSARI,5275,1-5275-205-0083,1,1
10083,5273-206-0083-1,1-5273-206-0083,SASSARI,5273,1-5273-206-0083,1,1
10083,5273-207-0083-1,1-5273-207-0083,SASSARI,5273,1-5273-207-0083,1,1
10083,5271-208-0083-1,1-5271-208-0083,SASSARI,5271,1-5271-208-0083,1,1
10083,5271-209-0083-1,1-5271-209-0083,SASSARI,5271,1-5271-209-0083,1,1
10083,5271-20A-0083-1,1-5271-20A-0083,SASSARI,5271,1-5271-20A-0083,1,1
10083,5173-20B-0083-1,1-5173-20B-0083,OZIERI CHILIVANI,5173,1-5173-20B-0083,1,1
10083,5173-20C-0083-1,1-5173-20C-0083,OZIERI CHILIVANI,5173,1-5173-20C-0083,1,1
10083,5171-20D-0083-1,1-5171-20D-0083,OZIERI CHILIVANI,5171,1-5171-20D-0083,1,1
10083,5169-20E-0083-1,1-5169-20E-0083,OZIERI CHILIVANI,5169,1-5169-20E-0083,1,1
10083,5168-20F-0083-1,1-5168-20F-0083,PORTO TORRES MARITTIMA,5168,1-5168-20F-0083,1,1
10083,5168-210-0083-1,1-5168-210-0083,PORTO TORRES MARITTIMA,5168,1-5168-210-0083,1,1
